URL,Label,LengthOfURL,DomainLength,IsDomainIP,TLDLength,NoOfSubDomain,HasHTTPS,LetterRatio,DigitRatio,SpecialCharRatio,IsUnreachable,HasTitle,HasFavicon,HasPasswordField,HasSubmitButton,HasIFrame,LineCount
https://dev.to,0,14.0,6.0,0.0,2.0,0.0,1.0,0.71428573,0.0,0.2857143,0.0,1.0,0.0,0.0,1.0,0.0,3964.0
https://forbes.com,0,18.0,10.0,0.0,3.0,0.0,1.0,0.7777778,0.0,0.22222222,0.0,0.0,0.0,0.0,1.0,0.0,785.0
https://tiktok.com,0,18.0,10.0,0.0,3.0,0.0,1.0,0.7777778,0.0,0.22222222,0.0,0.0,0.0,0.0,0.0,0.0,1.0
https://accounts.google.com/signin,0,34.0,10.0,0.0,3.0,1.0,1.0,0.8235294,0.0,0.1764706,0.0,1.0,0.0,1.0,0.0,0.0,528.0
https://google.com,0,18.0,10.0,0.0,3.0,0.0,1.0,0.7777778,0.0,0.22222222,0.0,1.0,0.0,0.0,0.0,0.0,35.0
https://linkedin.com,0,20.0,12.0,0.0,3.0,0.0,1.0,0.8,0.0,0.2,0.0,1.0,0.0,0.0,0.0,0.0,2438.0
https://pinterest.com,0,21.0,13.0,0.0,3.0,0.0,1.0,0.8095238,0.0,0.1904762,0.0,1.0,1.0,0.0,0.0,0.0,1952.0
https://walmart.com,0,19.0,11.0,0.0,3.0,0.0,1.0,0.7894737,0.0,0.21052632,0.0,1.0,0.0,0.0,0.0,0.0,9.0
https://wechat.com,0,18.0,10.0,0.0,3.0,0.0,1.0,0.7777778,0.0,0.22222222,0.0,1.0,0.0,0.0,0.0,0.0,1.0
https://twitter.com/login,0,25.0,11.0,0.0,3.0,0.0,1.0,0.8,0.0,0.2,0.0,0.0,1.0,0.0,1.0,0.0,366.0
https://chase.com,0,17.0,9.0,0.0,3.0,0.0,1.0,0.7647059,0.0,0.23529412,0.0,1.0,0.0,0.0,0.0,0.0,10.0
https://wellsfargo.com,0,22.0,14.0,0.0,3.0,0.0,1.0,0.8181818,0.0,0.18181819,0.0,1.0,1.0,1.0,1.0,0.0,2778.0
https://square.com,0,18.0,10.0,0.0,3.0,0.0,1.0,0.7777778,0.0,0.22222222,0.0,1.0,1.0,0.0,1.0,0.0,1912.0
https://www.linkedin.com/login,0,30.0,12.0,0.0,3.0,1.0,1.0,0.8,0.0,0.2,0.0,1.0,1.0,1.0,1.0,0.0,898.0
https://ibm.com,0,15.0,7.0,0.0,3.0,0.0,1.0,0.73333335,0.0,0.26666668,0.0,1.0,1.0,0.0,0.0,1.0,4215.0
https://reddit.com,0,18.0,10.0,0.0,3.0,0.0,1.0,0.7777778,0.0,0.22222222,0.0,1.0,1.0,0.0,0.0,0.0,1611.0
https://target.com,0,18.0,10.0,0.0,3.0,0.0,1.0,0.7777778,0.0,0.22222222,0.0,0.0,0.0,0.0,0.0,0.0,0.0
https://www.paypal.com/signin,0,29.0,10.0,0.0,3.0,1.0,1.0,0.79310346,0.0,0.20689656,0.0,1.0,1.0,0.0,1.0,1.0,51.0
https://www.facebook.com/login,0,30.0,12.0,0.0,3.0,1.0,1.0,0.8,0.0,0.2,0.0,1.0,0.0,1.0,1.0,0.0,146.0
https://www.amazon.com/ap/signin,0,32.0,10.0,0.0,3.0,1.0,1.0,0.78125,0.0,0.21875,0.0,1.0,0.0,0.0,1.0,0.0,109.0
https://apple.com,0,17.0,9.0,0.0,3.0,0.0,1.0,0.7647059,0.0,0.23529412,0.0,1.0,0.0,0.0,1.0,0.0,2155.0
https://rottentomatoes.com,0,26.0,18.0,0.0,3.0,0.0,1.0,0.84615386,0.0,0.15384616,0.0,1.0,1.0,1.0,0.0,1.0,15689.0
https://aliexpress.com,0,22.0,14.0,0.0,3.0,0.0,1.0,0.8181818,0.0,0.18181819,0.0,0.0,0.0,0.0,0.0,0.0,2.0
https://usbank.com,0,18.0,10.0,0.0,3.0,0.0,1.0,0.7777778,0.0,0.22222222,0.0,1.0,0.0,0.0,0.0,0.0,4486.0
https://twitch.tv,0,17.0,9.0,0.0,2.0,0.0,1.0,0.7647059,0.0,0.23529412,0.0,1.0,1.0,0.0,0.0,0.0,1.0
https://medium.com,0,18.0,10.0,0.0,3.0,0.0,1.0,0.7777778,0.0,0.22222222,0.0,1.0,0.0,0.0,0.0,0.0,1.0
https://sourceforge.net,0,23.0,15.0,0.0,3.0,0.0,1.0,0.82608694,0.0,0.17391305,0.0,1.0,0.0,0.0,1.0,1.0,3029.0
https://bloomberg.com,0,21.0,13.0,0.0,3.0,0.0,1.0,0.8095238,0.0,0.1904762,0.0,1.0,0.0,0.0,0.0,0.0,243.0
https://soundcloud.com,0,22.0,14.0,0.0,3.0,0.0,1.0,0.8181818,0.0,0.18181819,0.0,1.0,1.0,0.0,0.0,0.0,219.0
https://python.org,0,18.0,10.0,0.0,3.0,0.0,1.0,0.7777778,0.0,0.22222222,0.0,1.0,1.0,0.0,1.0,0.0,1019.0
https://bankofamerica.com,0,25.0,17.0,0.0,3.0,0.0,1.0,0.84,0.0,0.16,0.0,1.0,1.0,0.0,1.0,0.0,21.0
https://paypal.com,0,18.0,10.0,0.0,3.0,0.0,1.0,0.7777778,0.0,0.22222222,0.0,1.0,1.0,0.0,0.0,0.0,13.0
https://twitter.com,0,19.0,11.0,0.0,3.0,0.0,1.0,0.7894737,0.0,0.21052632,0.0,0.0,1.0,0.0,1.0,0.0,366.0
https://www.dropbox.com/login,0,29.0,11.0,0.0,3.0,1.0,1.0,0.79310346,0.0,0.20689656,0.0,1.0,1.0,0.0,0.0,0.0,341.0
https://theguardian.com,0,23.0,15.0,0.0,3.0,0.0,1.0,0.82608694,0.0,0.17391305,0.0,1.0,1.0,0.0,1.0,0.0,638.0
https://instagram.com,0,21.0,13.0,0.0,3.0,0.0,1.0,0.8095238,0.0,0.1904762,0.0,1.0,1.0,0.0,0.0,0.0,126.0
https://nbcnews.com,0,19.0,11.0,0.0,3.0,0.0,1.0,0.7894737,0.0,0.21052632,0.0,0.0,1.0,0.0,0.0,1.0,7.0
https://mozilla.org,0,19.0,11.0,0.0,3.0,0.0,1.0,0.7894737,0.0,0.21052632,0.0,1.0,1.0,0.0,0.0,0.0,928.0
https://zoom.us,0,15.0,7.0,0.0,2.0,0.0,1.0,0.73333335,0.0,0.26666668,0.0,1.0,1.0,0.0,0.0,0.0,9562.0
https://www.spotify.com/login,0,29.0,11.0,0.0,3.0,1.0,1.0,0.79310346,0.0,0.20689656,0.0,0.0,1.0,0.0,0.0,0.0,72.0
https://vimeo.com,0,17.0,9.0,0.0,3.0,0.0,1.0,0.7647059,0.0,0.23529412,0.0,1.0,1.0,0.0,0.0,1.0,64.0
https://telegram.org,0,20.0,12.0,0.0,3.0,0.0,1.0,0.8,0.0,0.2,0.0,1.0,1.0,0.0,0.0,0.0,281.0
https://w3schools.com,0,21.0,13.0,0.0,3.0,0.0,1.0,0.7619048,0.04761905,0.1904762,0.0,1.0,1.0,0.0,0.0,1.0,10057.0
https://gitlab.com,0,18.0,10.0,0.0,3.0,0.0,1.0,0.7777778,0.0,0.22222222,0.0,1.0,1.0,0.0,0.0,0.0,102.0
https://microsoft.com,0,21.0,13.0,0.0,3.0,0.0,1.0,0.8095238,0.0,0.1904762,0.0,1.0,1.0,0.0,0.0,1.0,10990.0
https://github.com,0,18.0,10.0,0.0,3.0,0.0,1.0,0.7777778,0.0,0.22222222,0.0,1.0,1.0,0.0,1.0,0.0,1389.0
https://facebook.com,0,20.0,12.0,0.0,3.0,0.0,1.0,0.8,0.0,0.2,0.0,0.0,0.0,1.0,1.0,0.0,23.0
https://dailymotion.com,0,23.0,15.0,0.0,3.0,0.0,1.0,0.82608694,0.0,0.17391305,0.0,1.0,1.0,0.0,0.0,1.0,154.0
https://capitalone.com,0,22.0,14.0,0.0,3.0,0.0,1.0,0.8181818,0.0,0.18181819,0.0,1.0,1.0,1.0,1.0,0.0,5445.0
https://homedepot.com,0,21.0,13.0,0.0,3.0,0.0,1.0,0.8095238,0.0,0.1904762,0.0,1.0,0.0,0.0,0.0,0.0,10.0
https://office.com,0,18.0,10.0,0.0,3.0,0.0,1.0,0.7777778,0.0,0.22222222,0.0,1.0,1.0,0.0,0.0,0.0,2568.0
https://salesforce.com,0,22.0,14.0,0.0,3.0,0.0,1.0,0.8181818,0.0,0.18181819,0.0,1.0,1.0,0.0,0.0,0.0,8448.0
https://sap.com,0,15.0,7.0,0.0,3.0,0.0,1.0,0.73333335,0.0,0.26666668,0.0,1.0,0.0,0.0,0.0,0.0,10.0
https://www.ebay.com/signin,0,27.0,8.0,0.0,3.0,1.0,1.0,0.7777778,0.0,0.22222222,0.0,1.0,0.0,0.0,0.0,0.0,338.0
https://cloud.google.com,0,24.0,10.0,0.0,3.0,1.0,1.0,0.7916667,0.0,0.20833333,0.0,1.0,1.0,0.0,0.0,0.0,146.0
https://reuters.com,0,19.0,11.0,0.0,3.0,0.0,1.0,0.7894737,0.0,0.21052632,0.0,1.0,1.0,0.0,0.0,1.0,54.0
https://whatsapp.com,0,20.0,12.0,0.0,3.0,0.0,1.0,0.8,0.0,0.2,0.0,0.0,0.0,0.0,0.0,0.0,26.0
https://ebay.com,0,16.0,8.0,0.0,3.0,0.0,1.0,0.75,0.0,0.25,0.0,1.0,1.0,0.0,1.0,0.0,39.0
https://oracle.com,0,18.0,10.0,0.0,3.0,0.0,1.0,0.7777778,0.0,0.22222222,0.0,1.0,0.0,0.0,0.0,0.0,38.0
https://citi.com,0,16.0,8.0,0.0,3.0,0.0,1.0,0.75,0.0,0.25,0.0,1.0,1.0,1.0,0.0,0.0,165.0
https://netflix.com,0,19.0,11.0,0.0,3.0,0.0,1.0,0.7894737,0.0,0.21052632,0.0,1.0,0.0,0.0,1.0,0.0,30635.0
https://ikea.com,0,16.0,8.0,0.0,3.0,0.0,1.0,0.75,0.0,0.25,0.0,1.0,1.0,0.0,0.0,0.0,75.0
https://bitbucket.org,0,21.0,13.0,0.0,3.0,0.0,1.0,0.8095238,0.0,0.1904762,0.0,1.0,1.0,0.0,1.0,0.0,6.0
https://adobe.com,0,17.0,9.0,0.0,3.0,0.0,1.0,0.7647059,0.0,0.23529412,0.0,0.0,0.0,0.0,0.0,0.0,1.0
https://www.pinterest.com/login/,0,32.0,13.0,0.0,3.0,1.0,1.0,0.78125,0.0,0.21875,0.0,1.0,1.0,0.0,0.0,0.0,1952.0
https://bestbuy.com,0,19.0,11.0,0.0,3.0,0.0,1.0,0.7894737,0.0,0.21052632,0.0,1.0,0.0,0.0,0.0,0.0,10.0
https://stripe.com,0,18.0,10.0,0.0,3.0,0.0,1.0,0.7777778,0.0,0.22222222,0.0,1.0,1.0,0.0,0.0,0.0,1.0
https://wsj.com,0,15.0,7.0,0.0,3.0,0.0,1.0,0.73333335,0.0,0.26666668,0.0,0.0,0.0,0.0,0.0,0.0,1131.0
https://discord.com,0,19.0,11.0,0.0,3.0,0.0,1.0,0.7894737,0.0,0.21052632,0.0,1.0,0.0,0.0,0.0,0.0,1274.0
https://stackoverflow.com,0,25.0,17.0,0.0,3.0,0.0,1.0,0.84,0.0,0.16,0.0,1.0,1.0,0.0,1.0,0.0,6794.0
https://foxnews.com,0,19.0,11.0,0.0,3.0,0.0,1.0,0.7894737,0.0,0.21052632,0.0,1.0,1.0,0.0,1.0,0.0,8967.0
https://github.com/login,0,24.0,10.0,0.0,3.0,0.0,1.0,0.7916667,0.0,0.20833333,0.0,1.0,1.0,1.0,1.0,0.0,569.0
https://costco.com,0,18.0,10.0,0.0,3.0,0.0,1.0,0.7777778,0.0,0.22222222,0.0,1.0,0.0,0.0,0.0,0.0,10.0
https://slack.com/login,0,23.0,9.0,0.0,3.0,0.0,1.0,0.7826087,0.0,0.2173913,0.0,1.0,1.0,0.0,0.0,0.0,288.0
https://www.instagram.com/accounts/login/,0,41.0,13.0,0.0,3.0,1.0,1.0,0.80487806,0.0,0.19512194,0.0,1.0,1.0,0.0,0.0,0.0,126.0
https://disneyplus.com,0,22.0,14.0,0.0,3.0,0.0,1.0,0.8181818,0.0,0.18181819,0.0,1.0,1.0,0.0,0.0,0.0,19.0
https://aws.amazon.com,0,22.0,10.0,0.0,3.0,1.0,1.0,0.77272725,0.0,0.22727273,0.0,1.0,1.0,0.0,0.0,0.0,1684.0
https://imdb.com,0,16.0,8.0,0.0,3.0,0.0,1.0,0.75,0.0,0.25,0.0,0.0,0.0,0.0,0.0,0.0,0.0
https://etsy.com,0,16.0,8.0,0.0,3.0,0.0,1.0,0.75,0.0,0.25,0.0,1.0,1.0,0.0,1.0,1.0,14662.0
https://amazon.com,0,18.0,10.0,0.0,3.0,0.0,1.0,0.7777778,0.0,0.22222222,0.0,1.0,0.0,0.0,1.0,0.0,109.0
https://hulu.com,0,16.0,8.0,0.0,3.0,0.0,1.0,0.75,0.0,0.25,0.0,1.0,1.0,0.0,0.0,0.0,19.0
https://nytimes.com,0,19.0,11.0,0.0,3.0,0.0,1.0,0.7894737,0.0,0.21052632,0.0,0.0,1.0,0.0,0.0,1.0,245.0
https://pub-9dad11b319a24292b11140d5f361d3af.r2.dev/docs-login.html,1,67.0,6.0,0.0,3.0,1.0,1.0,0.53731346,0.3283582,0.13432837,0.0,1.0,0.0,0.0,1.0,0.0,92.0
https://bbc.com,0,15.0,7.0,0.0,3.0,0.0,1.0,0.73333335,0.0,0.26666668,0.0,1.0,1.0,0.0,0.0,0.0,824.0
https://pub-4ab62e56082e4cdb8ba12da00e2da145.r2.dev/WeTransfer.html,1,67.0,6.0,0.0,3.0,1.0,1.0,0.5970149,0.2835821,0.11940298,0.0,1.0,0.0,0.0,0.0,0.0,68.0
https://americanexpress.com,0,27.0,19.0,0.0,3.0,0.0,1.0,0.8518519,0.0,0.14814815,0.0,1.0,1.0,0.0,0.0,0.0,1501.0
https://www.reddit.com/login/,0,29.0,10.0,0.0,3.0,1.0,1.0,0.7586207,0.0,0.2413793,0.0,1.0,1.0,0.0,0.0,0.0,209.0
http://www.schooxy.com,1,22.0,11.0,0.0,3.0,1.0,0.0,0.77272725,0.0,0.22727273,0.0,0.0,0.0,0.0,0.0,0.0,1.0
https://cnn.com,0,15.0,7.0,0.0,3.0,0.0,1.0,0.73333335,0.0,0.26666668,0.0,1.0,1.0,0.0,1.0,1.0,17397.0
https://s.id/1wazu,1,18.0,4.0,0.0,2.0,0.0,1.0,0.6666667,0.055555556,0.2777778,0.0,1.0,0.0,0.0,0.0,0.0,92.0
http://uaxawg.com,1,17.0,10.0,0.0,3.0,0.0,0.0,0.7647059,0.0,0.23529412,1.0,0.0,0.0,0.0,0.0,0.0,0.0
https://youtube.com,0,19.0,11.0,0.0,3.0,0.0,1.0,0.7894737,0.0,0.21052632,0.0,1.0,1.0,0.0,0.0,1.0,23.0
https://aliennetwork-ca314.web.app/,1,35.0,7.0,0.0,3.0,1.0,1.0,0.71428573,0.08571429,0.2,0.0,1.0,0.0,0.0,0.0,0.0,106.0
https://dfdfd54-66c8b.web.app/,1,30.0,7.0,0.0,3.0,1.0,1.0,0.6,0.16666667,0.23333333,0.0,1.0,0.0,0.0,0.0,0.0,106.0
https://unaisiwalplog.azurewebsites.net/,1,40.0,17.0,0.0,3.0,1.0,1.0,0.85,0.0,0.15,1.0,0.0,0.0,0.0,0.0,0.0,0.0
https://www.is orld.org,1,23.0,11.0,0.0,3.0,1.0,1.0,0.73913044,0.0,0.26086956,1.0,0.0,0.0,0.0,0.0,0.0,0.0
https://resolverdaapps.pages.dev/,1,33.0,9.0,0.0,3.0,1.0,1.0,0.8181818,0.0,0.18181819,0.0,1.0,0.0,0.0,0.0,0.0,100.0
https://is.gd/hxnHTT,1,20.0,5.0,0.0,2.0,0.0,1.0,0.75,0.0,0.25,1.0,0.0,0.0,0.0,0.0,0.0,0.0
https://cf-ipfs.com/ipfs/QmdknzwTeHifwm3GqoAVzgzkZYWxjPxf1wRo6RUNtF9a9Y,1,71.0,11.0,0.0,3.0,0.0,1.0,0.8309859,0.07042254,0.09859155,1.0,0.0,0.0,0.0,0.0,0.0,0.0
https://bt-109051.weeblysite.com/,1,33.0,14.0,0.0,3.0,1.0,1.0,0.6060606,0.18181819,0.21212122,0.0,1.0,0.0,0.0,0.0,0.0,66.0
https://hotmail-105166.weeblysite.com/,1,38.0,14.0,0.0,3.0,1.0,1.0,0.65789473,0.15789473,0.18421052,0.0,1.0,0.0,0.0,1.0,0.0,92.0
https://ipfs.best-practice.se/ipfs/bafybeifcapyj7jvme7k6wkvbedigwpomohe2rksx24srflbk2fwezsdmom/lndex-fixme.html,1,111.0,16.0,0.0,2.0,1.0,1.0,0.8378378,0.06306306,0.0990991,0.0,0.0,0.0,0.0,0.0,0.0,1.0
http://www.01.ca,1,16.0,5.0,0.0,2.0,1.0,0.0,0.5625,0.125,0.3125,0.0,0.0,0.0,0.0,0.0,0.0,1.0
https://pub-9d1ab3b310dc469d936bccb1de432edf.r2.dev/mail.com.html#phish@nab.com.au,1,82.0,6.0,0.0,3.0,1.0,1.0,0.63414633,0.20731707,0.15853658,0.0,1.0,0.0,0.0,1.0,0.0,92.0
http://www.weather.chileexe77.com,1,33.0,14.0,0.0,3.0,2.0,0.0,0.75757575,0.060606062,0.18181819,1.0,0.0,0.0,0.0,0.0,0.0,0.0
https://cwrestorevercelapp.com/en/index.html,1,44.0,22.0,0.0,3.0,0.0,1.0,0.84090906,0.0,0.1590909,1.0,0.0,0.0,0.0,0.0,0.0,0.0
https://spotify.com,0,19.0,11.0,0.0,3.0,0.0,1.0,0.7894737,0.0,0.21052632,1.0,0.0,0.0,0.0,0.0,0.0,0.0
https://pub-b325673d26f6495d8c9a34b45cc26df4.r2.dev/webmail.html,1,64.0,6.0,0.0,3.0,1.0,1.0,0.53125,0.34375,0.125,0.0,1.0,0.0,1.0,1.0,0.0,349.0
http://113.236.109.155:48648/Mozi.m,1,35.0,16.0,1.0,0.0,0.0,0.0,0.25714287,0.4857143,0.25714287,1.0,0.0,0.0,0.0,0.0,0.0,0.0
https://login-janeiro2023oficial.com/luiza/?userid=13&amp;uri=xd8jjyuinrew,1,74.0,28.0,0.0,3.0,0.0,1.0,0.7432432,0.0945946,0.16216215,1.0,0.0,0.0,0.0,0.0,0.0,0.0
https://gaemeenslogii.webflow.io/,1,33.0,10.0,0.0,2.0,1.0,1.0,0.8181818,0.0,0.18181819,0.0,1.0,1.0,0.0,0.0,0.0,28.0
https://www.netflix.com/login,0,29.0,11.0,0.0,3.0,1.0,1.0,0.79310346,0.0,0.20689656,0.0,1.0,0.0,0.0,0.0,0.0,30580.0
https://docs.google.com/presentation/d/e/2PACX-1vTHUYjVKziIS5zbb4iDp5xwQA4XyosTy1LLxbQ3-wzJ5J6M2AEcJ6s3oZC2QjS80C_uhQSLGPeQXy72/pub?start=false&amp;loop=false&amp;delayms=3000,1,175.0,10.0,0.0,3.0,1.0,1.0,0.7542857,0.12571429,0.12,0.0,1.0,1.0,0.0,0.0,0.0,19.0
https://cf-ipfs.com/ipfs/QmfPrtxc7t8mqpKZjRF24sEJgFEpimAQN2gTRDByUNMqBE,1,71.0,11.0,0.0,3.0,0.0,1.0,0.8309859,0.07042254,0.09859155,1.0,0.0,0.0,0.0,0.0,0.0,0.0
https://docs.google.com/presentation/d/e/2PACX-1vTPuFinDEcWM7waRAsA9ImXoUfMlHVulLbHITsSUL4iOn1-i_74by2JQepW3YNkm2HzvCiz2d-e0Qrs/pub?start=false&amp;loop=false&amp;delayms=3000,1,175.0,10.0,0.0,3.0,1.0,1.0,0.7771429,0.09714286,0.12571429,0.0,1.0,1.0,0.0,0.0,0.0,10.0
https://paket-lieferung.gastrungchuyen.com/public/checkout/receive/2947316,1,74.0,18.0,0.0,3.0,1.0,1.0,0.7702703,0.0945946,0.13513513,1.0,0.0,0.0,0.0,0.0,0.0,0.0
https://yuhkundenteam.sviluppo.host/elogin/71959/Entry.php,1,58.0,13.0,0.0,4.0,1.0,1.0,0.7586207,0.0862069,0.15517241,1.0,0.0,0.0,0.0,0.0,0.0,0.0
https://script.google.com/macros/s/AKfycbyMtSC-bw5Ns-b6qZFRW_abWXIX6LxKgvQVCywueb5yLZNCBtUQTBUDR5BeMa3Z3VBN/exec,1,112.0,10.0,0.0,3.0,1.0,1.0,0.83035713,0.0625,0.10714286,0.0,0.0,1.0,0.0,0.0,1.0,20.0
https://is.gd/AyOYos,1,20.0,5.0,0.0,2.0,0.0,1.0,0.75,0.0,0.25,1.0,0.0,0.0,0.0,0.0,0.0,0.0
https://unisonpropertygroup.com.au/GTuhjd12/american/,1,53.0,26.0,0.0,6.0,0.0,1.0,0.8113208,0.03773585,0.1509434,1.0,0.0,0.0,0.0,0.0,0.0,0.0
https://t.co/JhVZGPhyAp,1,23.0,4.0,0.0,2.0,0.0,1.0,0.7826087,0.0,0.2173913,0.0,0.0,0.0,0.0,0.0,0.0,5.0
http://www.onlineintersec.com,1,29.0,18.0,0.0,3.0,1.0,0.0,0.82758623,0.0,0.1724138,1.0,0.0,0.0,0.0,0.0,0.0,0.0
https://att-108564.weeblysite.com/,1,34.0,14.0,0.0,3.0,1.0,1.0,0.61764705,0.1764706,0.20588236,0.0,1.0,0.0,0.0,0.0,0.0,66.0
https://ancient-wave-738c.8p4uyjee.workers.dev/c134e7c3-884f-4fbb-b831-0cb75ebc0a64,1,83.0,11.0,0.0,3.0,2.0,1.0,0.56626505,0.27710843,0.15662651,0.0,1.0,0.0,0.0,1.0,0.0,109.0
http://www.i19lo.net,1,20.0,9.0,0.0,3.0,1.0,0.0,0.65,0.1,0.25,1.0,0.0,0.0,0.0,0.0,0.0,0.0
https://bit.ly/4f9tV3m,1,22.0,6.0,0.0,2.0,0.0,1.0,0.6363636,0.13636364,0.22727273,0.0,1.0,0.0,0.0,0.0,0.0,194.0
https://cloudflare-ipfs.com/ipfs/bafkreihkcnnngvl4ovkkskab3y2o2rcl4qqy5ynu4sg3j6v5sk2gldr2nq,1,92.0,19.0,0.0,3.0,0.0,1.0,0.79347825,0.13043478,0.07608695,1.0,0.0,0.0,0.0,0.0,0.0,0.0
https://attcom-105961.weeblysite.com/,1,37.0,14.0,0.0,3.0,1.0,1.0,0.6486486,0.16216215,0.1891892,0.0,1.0,0.0,0.0,0.0,0.0,66.0
http://www.f0549248.xsph.ru,1,27.0,7.0,0.0,2.0,2.0,0.0,0.5185185,0.25925925,0.22222222,0.0,1.0,0.0,0.0,0.0,0.0,7.0
https://fmj1o8479--hvbr829r0w.repl.co/,1,38.0,7.0,0.0,2.0,1.0,1.0,0.55263156,0.23684211,0.21052632,1.0,0.0,0.0,0.0,0.0,0.0,0.0
https://ipfs.io/ipfs/qmdrkrhw2emkaozmntv6c5nfndra2rh81nakgsw3rc25hf,1,67.0,7.0,0.0,2.0,0.0,1.0,0.7761194,0.13432837,0.08955224,0.0,1.0,0.0,0.0,0.0,0.0,311.0
https://barux54902.jgdxsz.my.id/joined,1,38.0,12.0,0.0,5.0,1.0,1.0,0.68421054,0.13157895,0.18421052,1.0,0.0,0.0,0.0,0.0,0.0,0.0
https://description-session2025.web.app/,1,40.0,7.0,0.0,3.0,1.0,1.0,0.725,0.1,0.175,0.0,1.0,0.0,0.0,0.0,0.0,106.0
https://l.ead.me/bfIoZs,1,23.0,6.0,0.0,2.0,1.0,1.0,0.73913044,0.0,0.26086956,0.0,1.0,1.0,0.0,0.0,1.0,167.0
https://metafb-c7517ar.firebaseapp.com/,1,39.0,15.0,0.0,3.0,1.0,1.0,0.71794873,0.102564104,0.17948718,0.0,1.0,0.0,0.0,0.0,0.0,35.0
https://cloudflare-ipfs.com/ipfs/bafybeibsydfqiac4rcyqwotq2b6aai3hbpaigkbhyfq6eazynb2f2kqzj4/#support@sumup.co.uk,1,113.0,19.0,0.0,3.0,0.0,1.0,0.82300884,0.07079646,0.10619469,1.0,0.0,0.0,0.0,0.0,0.0,0.0
http://www.juculhdd.org,1,23.0,12.0,0.0,3.0,1.0,0.0,0.7826087,0.0,0.2173913,0.0,0.0,0.0,0.0,0.0,0.0,0.0
https://trezoiurwalletr.gitbook.io/us,1,37.0,10.0,0.0,2.0,1.0,1.0,0.8378378,0.0,0.16216215,0.0,0.0,0.0,0.0,0.0,0.0,1.0
https://screen.boxmode.io/,1,26.0,10.0,0.0,2.0,1.0,1.0,0.7692308,0.0,0.23076923,1.0,0.0,0.0,0.0,0.0,0.0,0.0
https://hskyzvrcwbfx.web.app/,1,29.0,7.0,0.0,3.0,1.0,1.0,0.79310346,0.0,0.20689656,0.0,1.0,0.0,0.0,0.0,0.0,34.0
https://cloudflare-ipfs.com/ipfs/bafybeib2krcqzvyfpqaqf4zzwan q4w2ym7xnsdq45svespm5qemnx5dy/ind1.html,1,101.0,19.0,0.0,3.0,0.0,1.0,0.8019802,0.0990099,0.0990099,1.0,0.0,0.0,0.0,0.0,0.0,0.0
http://nbgbank.sviluppo.host/,1,29.0,13.0,0.0,4.0,1.0,0.0,0.79310346,0.0,0.20689656,1.0,0.0,0.0,0.0,0.0,0.0,0.0
https://linkr.it/1QPXWF,1,23.0,8.0,0.0,2.0,0.0,1.0,0.73913044,0.04347826,0.2173913,1.0,0.0,0.0,0.0,0.0,0.0,0.0
https://q-r.to/bfDbJg,1,21.0,6.0,0.0,2.0,0.0,1.0,0.71428573,0.0,0.2857143,0.0,1.0,1.0,0.0,0.0,1.0,167.0
http://www.speralreaopio.com,1,28.0,17.0,0.0,3.0,1.0,0.0,0.8214286,0.0,0.17857143,0.0,1.0,0.0,0.0,0.0,0.0,1.0
https://mintamskin.gitbook.io/us,1,32.0,10.0,0.0,2.0,1.0,1.0,0.8125,0.0,0.1875,0.0,0.0,0.0,0.0,0.0,0.0,1.0
https://webmailyhscokr12.weebly.com/,1,36.0,10.0,0.0,3.0,1.0,1.0,0.7777778,0.055555556,0.16666667,0.0,1.0,0.0,0.0,0.0,0.0,128.0
https://rp.mockplus.com/rps/5BClixgBsG/Ym6IE21IOa,1,49.0,12.0,0.0,3.0,1.0,1.0,0.75510204,0.08163265,0.1632653,0.0,1.0,1.0,0.0,0.0,0.0,128.0
https://looginmetamsk.gitbook.io/ru,1,35.0,10.0,0.0,2.0,1.0,1.0,0.82857144,0.0,0.17142858,0.0,0.0,0.0,0.0,0.0,0.0,1.0
https://t.ly/EAYEb,1,18.0,4.0,0.0,2.0,0.0,1.0,0.7222222,0.0,0.2777778,0.0,1.0,0.0,0.0,0.0,0.0,1.0
http://tzcdn.pages.dev,1,22.0,9.0,0.0,3.0,1.0,0.0,0.77272725,0.0,0.22727273,0.0,1.0,0.0,0.0,0.0,0.0,85.0
http://tinyurl.com/btmail678776,1,31.0,11.0,0.0,3.0,0.0,0.0,0.6451613,0.19354838,0.16129032,0.0,1.0,1.0,0.0,0.0,0.0,560.0
https://bafybeid54epswahvmjorz4nlyearvuaqi3hycjdu3iwq3oztuogi2qz2lq.ipfs.cf-ipfs.com,1,84.0,11.0,0.0,3.0,2.0,1.0,0.8214286,0.0952381,0.083333336,1.0,0.0,0.0,0.0,0.0,0.0,0.0
https://pub-1b6040cb77214579be8207fd7d439956.r2.dev/newonedriveeeee.html,1,72.0,6.0,0.0,3.0,1.0,1.0,0.5416667,0.3472222,0.11111111,0.0,1.0,1.0,0.0,0.0,0.0,606.0
https://leadpon.firebaseapp.com/,1,32.0,15.0,0.0,3.0,1.0,1.0,0.8125,0.0,0.1875,0.0,1.0,0.0,0.0,0.0,0.0,106.0
http://tinyurl.com/3rs2psck,1,27.0,11.0,0.0,3.0,0.0,0.0,0.7407407,0.074074075,0.18518518,0.0,1.0,1.0,0.0,0.0,0.0,560.0
https://l.ead.me/bfbZRP,1,23.0,6.0,0.0,2.0,1.0,1.0,0.73913044,0.0,0.26086956,0.0,0.0,0.0,0.0,0.0,0.0,55.0
https://dongdinghg.com/,1,23.0,14.0,0.0,3.0,0.0,1.0,0.7826087,0.0,0.2173913,1.0,0.0,0.0,0.0,0.0,0.0,0.0
https://docs.google.com/presentation/d/e/2PACX-1vSQdc1KwiSvw59ZlfdyO6ojtg6yLDZl6R8xFIA0XZPVwgS2bnRsCKKFLLpCoIvfPQXR-FwBEQaA5Cnk/pub?start=false&amp;loop=false&amp;delayms=3000,1,175.0,10.0,0.0,3.0,1.0,1.0,0.7942857,0.09142857,0.114285715,0.0,1.0,1.0,0.0,0.0,0.0,19.0
https://bit.ly/4cCIjjd,1,22.0,6.0,0.0,2.0,0.0,1.0,0.72727275,0.045454547,0.22727273,0.0,1.0,0.0,0.0,0.0,0.0,199.0
https://domappcheckomeg28.web.app/,1,34.0,7.0,0.0,3.0,1.0,1.0,0.7647059,0.05882353,0.1764706,0.0,0.0,0.0,0.0,0.0,0.0,1.0
http://87.120.115.240/Downloads/whatsapp-image-2024-03-30-at-12.54.59.jpeg.lnk,1,78.0,15.0,1.0,0.0,0.0,0.0,0.44871795,0.32051283,0.23076923,1.0,0.0,0.0,0.0,0.0,0.0,0.0
http://www.seo-clicks6.com,1,26.0,15.0,0.0,3.0,1.0,0.0,0.7307692,0.03846154,0.23076923,1.0,0.0,0.0,0.0,0.0,0.0,0.0
http://uin-bltkub-in.1gb.ru/,1,28.0,6.0,0.0,2.0,1.0,0.0,0.6785714,0.035714287,0.2857143,1.0,0.0,0.0,0.0,0.0,0.0,0.0
http://www.happpp.cannca.shop,1,29.0,11.0,0.0,4.0,2.0,0.0,0.79310346,0.0,0.20689656,1.0,0.0,0.0,0.0,0.0,0.0,0.0
https://cf-ipfs.com/ipfs/QmNwd3R97vQgYZ4wqgN55 QGt3BJxc62KUvCZhWkC4MJe,1,70.0,11.0,0.0,3.0,0.0,1.0,0.74285716,0.14285715,0.114285715,1.0,0.0,0.0,0.0,0.0,0.0,0.0
https://wepik.com/share/56201b7d-ae2f-4476-9852-194716d4f879#rs=link,1,68.0,9.0,0.0,3.0,0.0,1.0,0.45588234,0.36764705,0.1764706,0.0,1.0,0.0,0.0,0.0,0.0,32.0
https://www.dropbox.com/scl/fi/ln2bcvebaphqdiys6vgbb/BRITISH-TELECOMMUNICATIONS.paper?rlkey=zhr9tljoffeqfnm7cckwyylzk&st=sefa1s5t&dl=0,1,134.0,11.0,0.0,3.0,1.0,1.0,0.8208955,0.052238807,0.12686567,0.0,1.0,1.0,0.0,0.0,0.0,646.0
http://89.175.24.90:8080/Photo.scr,1,34.0,13.0,1.0,0.0,0.0,0.0,0.3529412,0.38235295,0.2647059,1.0,0.0,0.0,0.0,0.0,0.0,0.0
http://87.120.115.240/Downloads/politicas-de-cancelacion.pdf.lnk,1,64.0,15.0,1.0,0.0,0.0,0.0,0.640625,0.171875,0.1875,1.0,0.0,0.0,0.0,0.0,0.0,0.0
http://185.237.157.98:41619/Mozi.m,1,34.0,15.0,1.0,0.0,0.0,0.0,0.2647059,0.47058824,0.2647059,1.0,0.0,0.0,0.0,0.0,0.0,0.0
https://www.mediqboy.com/fonts/icons/fonts/swispst.sf/sw/confirm.php,1,68.0,12.0,0.0,3.0,1.0,1.0,0.8088235,0.0,0.19117647,0.0,1.0,0.0,0.0,1.0,0.0,109.0
https://t.co/boD2GI31Tn,1,23.0,4.0,0.0,2.0,0.0,1.0,0.65217394,0.13043478,0.2173913,1.0,0.0,0.0,0.0,0.0,0.0,0.0
http://escchs.com/,1,18.0,10.0,0.0,3.0,0.0,0.0,0.7222222,0.0,0.2777778,0.0,0.0,0.0,0.0,0.0,0.0,0.0
https://bafybeibbdxwehlinxln66tc4auytf3pr3cpj5bq26pdy5oiikvub3s2iva.ipfs.cf-ipfs.com/wbcc20.html,1,96.0,11.0,0.0,3.0,2.0,1.0,0.7708333,0.13541667,0.09375,1.0,0.0,0.0,0.0,0.0,0.0,0.0
https://8d6fc53bd49234caf5d87b0982f68a9b.prls.pl/IPGR/a78342u9g0/ef43e586ec6d664f58b28da0d4ed956c/login/,1,104.0,7.0,0.0,2.0,1.0,1.0,0.48076922,0.42307693,0.09615385,0.0,1.0,1.0,1.0,1.0,1.0,1277.0
https://llc-104692.weeblysite.com/,1,34.0,14.0,0.0,3.0,1.0,1.0,0.61764705,0.1764706,0.20588236,0.0,1.0,0.0,0.0,0.0,0.0,66.0
https://tiny-kringle-742496.netlify.app/,1,40.0,11.0,0.0,3.0,1.0,1.0,0.65,0.15,0.2,0.0,0.0,0.0,0.0,0.0,0.0,1.0
https://trustawalfd.gitbook.io/us,1,33.0,10.0,0.0,2.0,1.0,1.0,0.8181818,0.0,0.18181819,0.0,0.0,0.0,0.0,0.0,0.0,1.0
http://www.roundworld.club,1,26.0,15.0,0.0,4.0,1.0,0.0,0.8076923,0.0,0.1923077,0.0,0.0,0.0,0.0,0.0,0.0,0.0
https://bt-106719.weeblysite.com/,1,33.0,14.0,0.0,3.0,1.0,1.0,0.6060606,0.18181819,0.21212122,0.0,1.0,0.0,0.0,0.0,0.0,66.0
https://k51qzi5uqu5dlxd50g2wfioiv1dmw1mrmksplbyeroh9tn2ghx9m9yvuwwcu9s.ipns.dweb.link/,1,86.0,9.0,0.0,4.0,2.0,1.0,0.75581396,0.1627907,0.08139535,0.0,1.0,0.0,0.0,0.0,0.0,297.0
https://docs.google.com/presentation/d/e/2PACX-1vRo3eXEErJugA7-xixTT8tOgm8WILcakZQ-s4jTDmBFyX4JCt2KzLAWUc9RxHlbiLusJyT0va0DjrPa/pub?start=false&amp;loop=false&amp;delayms=3000&amp;slide=id.p,1,190.0,10.0,0.0,3.0,1.0,1.0,0.7842105,0.08421053,0.13157895,0.0,1.0,1.0,0.0,0.0,0.0,10.0
http://www.81rc4uw1b4roh99dmn.cf,1,32.0,21.0,0.0,2.0,1.0,0.0,0.625,0.21875,0.15625,1.0,0.0,0.0,0.0,0.0,0.0,0.0
http://www.praskovya-matveyeva.mefound.com,1,42.0,11.0,0.0,3.0,2.0,0.0,0.8333333,0.0,0.16666667,0.0,1.0,0.0,0.0,0.0,0.0,14.0
https://lsbcomc.lpages.co/dp-tvdh-rky-shlvn-m-byr-yshyrvt-lktbh/?email_type=034723861,1,85.0,9.0,0.0,2.0,1.0,1.0,0.69411767,0.105882354,0.2,0.0,1.0,1.0,0.0,0.0,0.0,43.0
https://pub-3c27f2683b0a4142a9b5e5c90cddddb7.r2.dev/link2.html,1,62.0,6.0,0.0,3.0,1.0,1.0,0.5483871,0.32258064,0.12903225,0.0,0.0,0.0,0.0,0.0,0.0,1.0
http://www.pop.usapappers.com,1,29.0,14.0,0.0,3.0,2.0,0.0,0.79310346,0.0,0.20689656,1.0,0.0,0.0,0.0,0.0,0.0,0.0
http://www.breakthenews.net,1,27.0,16.0,0.0,3.0,1.0,0.0,0.8148148,0.0,0.18518518,1.0,0.0,0.0,0.0,0.0,0.0,0.0
http://www.f0586917.xsph.ru,1,27.0,7.0,0.0,2.0,2.0,0.0,0.5185185,0.25925925,0.22222222,0.0,1.0,0.0,0.0,0.0,0.0,7.0
https://accountconfirmverify-supportpagereview-requestmanagersetup.pages.dev/,1,77.0,9.0,0.0,3.0,1.0,1.0,0.8961039,0.0,0.103896104,0.0,1.0,0.0,0.0,0.0,0.0,100.0
http://www.qwartwf.ml,1,21.0,10.0,0.0,2.0,1.0,0.0,0.7619048,0.0,0.23809524,1.0,0.0,0.0,0.0,0.0,0.0,0.0
https://metamsskigen.gitbook.io/us,1,34.0,10.0,0.0,2.0,1.0,1.0,0.8235294,0.0,0.1764706,0.0,0.0,0.0,0.0,0.0,0.0,1.0
https://tinyurl.com/3djnudjv,1,28.0,11.0,0.0,3.0,0.0,1.0,0.78571427,0.035714287,0.17857143,0.0,1.0,1.0,0.0,0.0,0.0,560.0
http://www.autozone.000space.com,1,32.0,12.0,0.0,3.0,2.0,0.0,0.71875,0.09375,0.1875,0.0,1.0,0.0,0.0,0.0,0.0,499.0
https://postifiede.top/g4EURI,1,29.0,14.0,0.0,3.0,0.0,1.0,0.79310346,0.03448276,0.1724138,1.0,0.0,0.0,0.0,0.0,0.0,0.0
http://93.175.223.140:5544/i,1,28.0,15.0,1.0,0.0,0.0,0.0,0.17857143,0.53571427,0.2857143,1.0,0.0,0.0,0.0,0.0,0.0,0.0
https://ipfs.io/ipfs/QmYs7uzSTgRwf6gSRYzuBhchCx13xNeUQxyjPHaZ2JFPvL,1,67.0,7.0,0.0,2.0,0.0,1.0,0.8358209,0.07462686,0.08955224,0.0,1.0,0.0,0.0,0.0,0.0,297.0
https://turbomusic.com.br/site/vdjvdjvndjnvjdn.html,1,51.0,17.0,0.0,6.0,0.0,1.0,0.84313726,0.0,0.15686275,1.0,0.0,0.0,0.0,0.0,0.0,0.0
https://ngsrliq.duckdns.org,1,27.0,11.0,0.0,3.0,1.0,1.0,0.8148148,0.0,0.18518518,1.0,0.0,0.0,0.0,0.0,0.0,0.0
http://www.j3b0b9c2d33c42e2e20657d8bceb120156.ws,1,48.0,37.0,0.0,2.0,1.0,0.0,0.45833334,0.4375,0.104166664,0.0,1.0,0.0,0.0,0.0,0.0,12.0
https://voice-103391.weeblysite.com/,1,36.0,14.0,0.0,3.0,1.0,1.0,0.6388889,0.16666667,0.19444445,0.0,1.0,0.0,0.0,0.0,0.0,66.0
https://gejimnilogen.gitbook.io/us,1,34.0,10.0,0.0,2.0,1.0,1.0,0.8235294,0.0,0.1764706,0.0,0.0,0.0,0.0,0.0,0.0,1.0
https://sites.google.com/view/utereue/home,1,42.0,10.0,0.0,3.0,1.0,1.0,0.8095238,0.0,0.1904762,0.0,1.0,0.0,1.0,0.0,0.0,528.0
https://l.ead.me/bfOPKJ,1,23.0,6.0,0.0,2.0,1.0,1.0,0.73913044,0.0,0.26086956,0.0,0.0,0.0,0.0,0.0,0.0,55.0
https://l.ead.me/bfJXjb,1,23.0,6.0,0.0,2.0,1.0,1.0,0.73913044,0.0,0.26086956,0.0,0.0,0.0,0.0,0.0,0.0,55.0
https://spotify.premium-portail.com/captcha/,1,44.0,19.0,0.0,3.0,1.0,1.0,0.8181818,0.0,0.18181819,1.0,0.0,0.0,0.0,0.0,0.0,0.0
http://365aaa.3e6n5a6m.xyz,1,26.0,12.0,0.0,3.0,1.0,0.0,0.53846157,0.26923078,0.1923077,1.0,0.0,0.0,0.0,0.0,0.0,0.0
https://l.ead.me/bfG5bF,1,23.0,6.0,0.0,2.0,1.0,1.0,0.6956522,0.04347826,0.26086956,0.0,0.0,0.0,0.0,0.0,0.0,55.0
http://0ed874b.wcomhost.com/banking-postbank/login/dfbd5c1b1986eb4f1d1c/clients,1,79.0,12.0,0.0,3.0,1.0,0.0,0.70886075,0.16455697,0.12658228,0.0,0.0,0.0,0.0,0.0,0.0,3.0
https://pub-d475faae4e0c4c72bf5ea2d993ebe094.r2.dev/index.html,1,62.0,6.0,0.0,3.0,1.0,1.0,0.5967742,0.27419356,0.12903225,0.0,1.0,0.0,0.0,0.0,0.0,87.0
https://saleseztiown.wixsite.com/my-site,1,40.0,11.0,0.0,3.0,1.0,1.0,0.825,0.0,0.175,0.0,1.0,1.0,0.0,0.0,0.0,55.0
https://authaconsoledigital.firebaseapp.com/,1,44.0,15.0,0.0,3.0,1.0,1.0,0.8636364,0.0,0.13636364,0.0,1.0,0.0,0.0,0.0,0.0,106.0
http://www.xbhp.com,1,19.0,8.0,0.0,3.0,1.0,0.0,0.7368421,0.0,0.2631579,0.0,1.0,1.0,0.0,0.0,0.0,2542.0
http://193.239.254.115:28577/Mozi.m,1,35.0,16.0,1.0,0.0,0.0,0.0,0.25714287,0.4857143,0.25714287,1.0,0.0,0.0,0.0,0.0,0.0,0.0
https://t.co/hHGh4rcsB5,1,23.0,4.0,0.0,2.0,0.0,1.0,0.6956522,0.08695652,0.2173913,1.0,0.0,0.0,0.0,0.0,0.0,0.0
http://www.themmm.cannca.shop,1,29.0,11.0,0.0,4.0,2.0,0.0,0.79310346,0.0,0.20689656,1.0,0.0,0.0,0.0,0.0,0.0,0.0
https://portalkanal.de/wp-includes/aaj/cpanel_webmail/?email=,1,61.0,14.0,0.0,2.0,0.0,1.0,0.8032787,0.0,0.19672132,1.0,0.0,0.0,0.0,0.0,0.0,0.0
https://kucoinnlogina.gitbook.io/us,1,35.0,10.0,0.0,2.0,1.0,1.0,0.82857144,0.0,0.17142858,0.0,0.0,0.0,0.0,0.0,0.0,1.0
http://87.120.115.240/Downloads/directorio-codisec-2024.pdf.lnk,1,63.0,15.0,1.0,0.0,0.0,0.0,0.5714286,0.23809524,0.1904762,1.0,0.0,0.0,0.0,0.0,0.0,0.0
https://coboauuth--wellt.gitbook.io/us,1,38.0,10.0,0.0,2.0,1.0,1.0,0.7894737,0.0,0.21052632,0.0,0.0,0.0,0.0,0.0,0.0,1.0
https://vveb3-ex0duse-vvalletes.top,1,35.0,27.0,0.0,3.0,0.0,1.0,0.7714286,0.057142857,0.17142858,1.0,0.0,0.0,0.0,0.0,0.0,0.0
https://soroxos976.wixsite.com/my-site,1,38.0,11.0,0.0,3.0,1.0,1.0,0.7368421,0.078947365,0.18421052,0.0,1.0,1.0,0.0,0.0,0.0,505.0
http://cpanel10wh.bkk1.cloud.z.com/~cp785288/hlep/login/billing.php?verify_account=session=nl&amp;4b348722c62b80d9098c78c61ca59e0b&amp;dispatch=86869073709aaae297e8004e76f7e19a226ce020,1,184.0,5.0,0.0,3.0,3.0,0.0,0.5543478,0.32608697,0.11956522,0.0,1.0,0.0,0.0,0.0,0.0,210.0
http://www.golangapis.com,1,25.0,14.0,0.0,3.0,1.0,0.0,0.8,0.0,0.2,0.0,0.0,0.0,0.0,0.0,0.0,0.0
http://87.120.115.240/Downloads/solana-regulatory-compliance-guide-2024-2.2.1.pdf.lnk,1,85.0,15.0,1.0,0.0,0.0,0.0,0.5882353,0.21176471,0.2,1.0,0.0,0.0,0.0,0.0,0.0,0.0
http://www.miss-windy.com,1,25.0,14.0,0.0,3.0,1.0,0.0,0.76,0.0,0.24,1.0,0.0,0.0,0.0,0.0,0.0,0.0
https://drive.google.com/file/d/1IOXJ-lRIwNgShuo2T5fOJbkpNtvb4i9h/view,1,70.0,10.0,0.0,3.0,1.0,1.0,0.78571427,0.071428575,0.14285715,0.0,1.0,1.0,0.0,0.0,0.0,11.0
http://www.firstohiobank.com,1,28.0,17.0,0.0,3.0,1.0,0.0,0.8214286,0.0,0.17857143,1.0,0.0,0.0,0.0,0.0,0.0,0.0
https://fghjh5h65gthge565gggf.weebly.com/,1,41.0,10.0,0.0,3.0,1.0,1.0,0.70731705,0.14634146,0.14634146,0.0,1.0,0.0,0.0,0.0,0.0,128.0
http://www.minerad.com,1,22.0,11.0,0.0,3.0,1.0,0.0,0.77272725,0.0,0.22727273,0.0,1.0,0.0,0.0,0.0,0.0,7.0
https://rp.mockplus.com/run/5Cd4EOMKdK/qdqQRc3iBe/backToHead?cps=hide&dt=iphoneX&ha=1&la=1&nav=1&out=0&rps=hide&rt=1&as=true,1,124.0,12.0,0.0,3.0,1.0,1.0,0.7177419,0.06451613,0.21774194,0.0,1.0,1.0,0.0,0.0,0.0,363.0
https://nison-safety.com/pzEuT1,1,31.0,16.0,0.0,3.0,0.0,1.0,0.7741935,0.032258064,0.19354838,1.0,0.0,0.0,0.0,0.0,0.0,0.0
http://www.sslportservices.com,1,30.0,19.0,0.0,3.0,1.0,0.0,0.8333333,0.0,0.16666667,1.0,0.0,0.0,0.0,0.0,0.0,0.0
https://att-login7392.weeblysite.com/,1,37.0,14.0,0.0,3.0,1.0,1.0,0.7027027,0.10810811,0.1891892,0.0,1.0,0.0,0.0,1.0,0.0,92.0
http://103.188.82.218/w.sh,1,26.0,15.0,1.0,0.0,0.0,0.0,0.26923078,0.42307693,0.30769232,1.0,0.0,0.0,0.0,0.0,0.0,0.0
http://87.120.115.240/Downloads/22.07.2014.fechas.pdf.lnk,1,57.0,15.0,1.0,0.0,0.0,0.0,0.4385965,0.33333334,0.22807017,1.0,0.0,0.0,0.0,0.0,0.0,0.0
https://hotmailidentco.webcindario.com/,1,39.0,15.0,0.0,3.0,1.0,1.0,0.84615386,0.0,0.15384616,0.0,0.0,0.0,0.0,0.0,1.0,118.0
https://mcsf-auth.ubpages.com/894501b9-6a82-4c5d-8a92-a5d09b4a9d5a/,1,67.0,11.0,0.0,3.0,1.0,1.0,0.5074627,0.31343284,0.17910448,0.0,0.0,0.0,0.0,0.0,0.0,1.0
https://ertcurrently.weebly.com/,1,32.0,10.0,0.0,3.0,1.0,1.0,0.8125,0.0,0.1875,0.0,1.0,0.0,0.0,0.0,0.0,128.0
http://87.120.115.240/Downloads/sem-t2525252525252525252525252525252525252525252525252525c32525252525252525252525252525252525252525252525252525adtulo-1-3.jpg.lnk,1,161.0,15.0,1.0,0.0,0.0,0.0,0.1863354,0.7329193,0.08074534,1.0,0.0,0.0,0.0,0.0,0.0,0.0
http://itaca.in,1,15.0,8.0,0.0,2.0,0.0,0.0,0.73333335,0.0,0.26666668,0.0,1.0,0.0,0.0,0.0,0.0,1.0
https://docs.google.com/drawings/d/1kG9zlJO0y7jeGJ9PFQ70fuTOrSDjEmFC7qqnXVLNAyk/edit,1,84.0,10.0,0.0,3.0,1.0,1.0,0.79761904,0.0952381,0.10714286,0.0,1.0,1.0,0.0,0.0,0.0,10.0
https://l.ead.me/bfIqlM,1,23.0,6.0,0.0,2.0,1.0,1.0,0.73913044,0.0,0.26086956,0.0,1.0,1.0,0.0,0.0,1.0,167.0
https://navigate-loginscreen-att-104733-102380.weeblysite.com/,1,62.0,14.0,0.0,3.0,1.0,1.0,0.6451613,0.19354838,0.16129032,0.0,1.0,0.0,0.0,0.0,0.0,66.0
https://q-r.to/bfTMTA,1,21.0,6.0,0.0,2.0,0.0,1.0,0.71428573,0.0,0.2857143,0.0,1.0,1.0,0.0,0.0,1.0,167.0
https://kraikenlojem.gitbook.io/us,1,34.0,10.0,0.0,2.0,1.0,1.0,0.8235294,0.0,0.1764706,0.0,0.0,0.0,0.0,0.0,0.0,1.0
https://q-r.to/bfNogB,1,21.0,6.0,0.0,2.0,0.0,1.0,0.71428573,0.0,0.2857143,0.0,0.0,0.0,0.0,0.0,0.0,55.0
https://docs.google.com/presentation/d/e/2PACX-1vSUAFb4VdWQhJcLCIWiSgf9SMBNOJq-uuaJXavSPT0ffOz0mA6sZbPw52r8y_TbaTklNJdcfBsGncn-/pub?start=false&amp;loop=false&amp;delayms=3000,1,175.0,10.0,0.0,3.0,1.0,1.0,0.7942857,0.08,0.12571429,0.0,1.0,1.0,0.0,0.0,0.0,19.0
http://www.millerq.cf,1,21.0,10.0,0.0,2.0,1.0,0.0,0.7619048,0.0,0.23809524,1.0,0.0,0.0,0.0,0.0,0.0,0.0
https://csoinberryilogii.gitbook.io/us,1,38.0,10.0,0.0,2.0,1.0,1.0,0.84210527,0.0,0.15789473,0.0,0.0,0.0,0.0,0.0,0.0,1.0
https://web-logie-kucni.gitbook.io/us,1,37.0,10.0,0.0,2.0,1.0,1.0,0.7837838,0.0,0.21621622,0.0,0.0,0.0,0.0,0.0,0.0,1.0
http://syncreveal.xyz,1,21.0,14.0,0.0,3.0,0.0,0.0,0.8095238,0.0,0.1904762,1.0,0.0,0.0,0.0,0.0,0.0,0.0
https://antibiotic.es/ricardo/,1,30.0,13.0,0.0,2.0,0.0,1.0,0.8,0.0,0.2,1.0,0.0,0.0,0.0,0.0,0.0,0.0
https://docs.google.com/drawings/d/1vqXid0gPAolRVms--JIJApMHgs6TyqboN8KoAog1lPI/edit,1,84.0,10.0,0.0,3.0,1.0,1.0,0.8095238,0.05952381,0.13095239,0.0,1.0,1.0,0.0,0.0,0.0,10.0
https://docs.google.com/presentation/d/e/2PACX-1vTkY7ERLzbxcvEqbqVrXX43TVFMXjzM1vsx-SvB4NdxohvY3gFEHqCfpfRdJOh2HaNRuTXNx8sEmj9j/pub?start=false&amp;loop=false&amp;delayms=3000,1,175.0,10.0,0.0,3.0,1.0,1.0,0.8,0.08571429,0.114285715,0.0,1.0,1.0,0.0,0.0,0.0,19.0
https://mesco-group.com/,1,24.0,15.0,0.0,3.0,0.0,1.0,0.75,0.0,0.25,0.0,1.0,0.0,0.0,1.0,0.0,862.0
https://tinyurl.com/runsi2,1,26.0,11.0,0.0,3.0,0.0,1.0,0.7692308,0.03846154,0.1923077,0.0,1.0,1.0,0.0,0.0,0.0,560.0
https://docs.google.com/presentation/d/1vOOASmITsoB4ai3R9ICS4uq4VqqRCR5xcXW1-NWRB1M/pub?start=false&amp;loop=false&amp;delayms=3000,1,131.0,10.0,0.0,3.0,1.0,1.0,0.7633588,0.099236645,0.13740458,0.0,1.0,1.0,0.0,0.0,0.0,19.0
https://bit.ly/4fHYwWb,1,22.0,6.0,0.0,2.0,0.0,1.0,0.72727275,0.045454547,0.22727273,0.0,1.0,0.0,0.0,0.0,0.0,194.0
https://smart-walletconnect.pages.dev,1,37.0,9.0,0.0,3.0,1.0,1.0,0.8378378,0.0,0.16216215,0.0,1.0,0.0,0.0,0.0,0.0,85.0
http://www.naversecurity.us,1,27.0,16.0,0.0,2.0,1.0,0.0,0.8148148,0.0,0.18518518,1.0,0.0,0.0,0.0,0.0,0.0,0.0
https://ms-canis.securen.net/,1,29.0,11.0,0.0,3.0,1.0,1.0,0.7586207,0.0,0.2413793,0.0,1.0,1.0,1.0,1.0,0.0,195.0
https://terzqererwallet.gitbook.io/en,1,37.0,10.0,0.0,2.0,1.0,1.0,0.8378378,0.0,0.16216215,0.0,0.0,0.0,0.0,0.0,0.0,1.0
https://myhouseprojectfiles186.firebaseapp.com/,1,47.0,15.0,0.0,3.0,1.0,1.0,0.80851066,0.06382979,0.12765957,0.0,1.0,0.0,0.0,0.0,0.0,106.0
https://docs.google.com/presentation/d/e/2PACX-1vQ2hYRu_hgvsAl YUzBb_Vl1r2piqzWzHbE5s8HhuGIt6abYJonEHdYh-a0fDq5yHWzcT55-yP8Cl-/pub?start=false&amp;loop=false&amp;delayms=3000&amp;slide=id.p,1,189.0,10.0,0.0,3.0,1.0,1.0,0.75661373,0.08994709,0.15343915,0.0,1.0,1.0,0.0,0.0,0.0,10.0
https://usps.mytrackingyn.top/,1,30.0,16.0,0.0,3.0,1.0,1.0,0.8,0.0,0.2,1.0,0.0,0.0,0.0,0.0,0.0,0.0
https://alquilertemporariobuenosaires.com.ar/js/html/login.html,1,63.0,36.0,0.0,6.0,0.0,1.0,0.85714287,0.0,0.14285715,0.0,1.0,0.0,0.0,1.0,0.0,109.0
http://zuza.stefek.szczecin.pl/Webmail/74/Webmail/webmail.php,1,61.0,18.0,0.0,11.0,1.0,0.0,0.78688526,0.032786883,0.18032786,0.0,1.0,0.0,1.0,1.0,0.0,300.0
http://zuza.stefek.szczecin.pl/Webmail/12/Webmail/webmail.php,1,61.0,18.0,0.0,11.0,1.0,0.0,0.78688526,0.032786883,0.18032786,0.0,1.0,0.0,1.0,1.0,0.0,300.0
https://ledgliveloin.gitbook.io/us,1,34.0,10.0,0.0,2.0,1.0,1.0,0.8235294,0.0,0.1764706,0.0,0.0,0.0,0.0,0.0,0.0,1.0
https://alternatif.alert-service.my.id/index.php,1,48.0,19.0,0.0,5.0,1.0,1.0,0.8125,0.0,0.1875,1.0,0.0,0.0,0.0,0.0,0.0,0.0
http://manual-restore.pages.dev,1,31.0,9.0,0.0,3.0,1.0,0.0,0.8064516,0.0,0.19354838,0.0,1.0,0.0,0.0,0.0,0.0,85.0
http://87.120.115.240/Downloads/dossier2020rmsp.pdf.lnk,1,55.0,15.0,1.0,0.0,0.0,0.0,0.54545456,0.27272728,0.18181819,1.0,0.0,0.0,0.0,0.0,0.0,0.0
http://www.resistmagazine.com,1,29.0,18.0,0.0,3.0,1.0,0.0,0.82758623,0.0,0.1724138,0.0,1.0,0.0,0.0,0.0,0.0,56.0
https://my-docomoo.tokyo/auth/cgi/anidlogin,1,43.0,16.0,0.0,5.0,0.0,1.0,0.81395346,0.0,0.18604651,1.0,0.0,0.0,0.0,0.0,0.0,0.0
https://tinyurl.com/3ztxy2a3,1,28.0,11.0,0.0,3.0,0.0,1.0,0.71428573,0.10714286,0.17857143,0.0,1.0,1.0,0.0,0.0,0.0,560.0
https://dkkcmsle.kbhoswao2982.workers.dev,1,41.0,11.0,0.0,3.0,2.0,1.0,0.75609756,0.09756097,0.14634146,0.0,1.0,0.0,0.0,1.0,0.0,109.0
https://bafkreibqudwf6yiueagxt45rlbvzujcen33525phk5x3znnqbxbogg7p34.ipfs.dweb.link/,1,83.0,9.0,0.0,4.0,2.0,1.0,0.7590361,0.15662651,0.084337346,0.0,1.0,0.0,0.0,0.0,0.0,297.0
https://bit.ly/3ymDI5H,1,22.0,6.0,0.0,2.0,0.0,1.0,0.6818182,0.09090909,0.22727273,0.0,1.0,0.0,0.0,0.0,0.0,189.0
https://atosp.weebly.com/,1,25.0,10.0,0.0,3.0,1.0,1.0,0.76,0.0,0.24,0.0,1.0,0.0,0.0,0.0,0.0,128.0
http://dbasopma.one:6049/cam.zip,1,32.0,12.0,0.0,3.0,0.0,0.0,0.65625,0.125,0.21875,0.0,0.0,0.0,0.0,0.0,0.0,0.0
https://chambalin.wixsite.com/my-site,1,37.0,11.0,0.0,3.0,1.0,1.0,0.8108108,0.0,0.1891892,0.0,1.0,1.0,0.0,0.0,0.0,55.0
http://www.phoenixazaccountingtax.com/glendaleazaccountanttax.com/viewer/,1,73.0,26.0,0.0,3.0,1.0,0.0,0.8767123,0.0,0.12328767,1.0,0.0,0.0,0.0,0.0,0.0,0.0
http://212.154.135.81:16122/.i,1,30.0,15.0,1.0,0.0,0.0,0.0,0.16666667,0.53333336,0.3,1.0,0.0,0.0,0.0,0.0,0.0,0.0
http://87.120.115.240/Downloads/tramites-ttsa-suit.pdf.lnk,1,58.0,15.0,1.0,0.0,0.0,0.0,0.6034483,0.18965517,0.20689656,1.0,0.0,0.0,0.0,0.0,0.0,0.0
https://uxgame.net/assets/images/zpa/,1,37.0,10.0,0.0,3.0,0.0,1.0,0.7837838,0.0,0.21621622,1.0,0.0,0.0,0.0,0.0,0.0,0.0
http://www.abgeblasen.de,1,24.0,13.0,0.0,2.0,1.0,0.0,0.7916667,0.0,0.20833333,0.0,0.0,1.0,0.0,0.0,0.0,67.0
https://gateway.ipfs.io/ipfs/bafkreibuogfvo5akbbivqo6hsznxbrxdvibhrcs6xwaiabrdtv5ij7l3yq,1,88.0,7.0,0.0,2.0,1.0,1.0,0.85227275,0.06818182,0.07954545,0.0,0.0,0.0,0.0,0.0,0.0,1.0
